user_id,bio,name,email,nickname,job title
1,Automated solution-oriented challenge,Bab Bolitho,bbolitho0@weather.com,Bab,Data Coordiator
2,Profit-focused homogeneous task-force,Mitch Porteous,mporteous1@drupal.org,Mitch,Design Engineer
3,Reduced global interface,Vanya Gheorghie,vgheorghie2@dmoz.org,Vanya,Food Chemist
4,Profound regional core,Christabel Goodlad,cgoodlad3@about.me,Christabel,Structural Engineer
5,Customer-focused transitional concept,Sallyann Walkden,swalkden4@sourceforge.net,Sallyann,Editor
6,Intuitive mobile info-mediaries,Lucho Mattia,lmattia5@hostgator.com,Lucho,Operator
7,Universal methodical alliance,Mehetabel Presnell,mpresnell6@xing.com,Mehetabel,Legal Assistant
8,Customizable 3rd generation open architecture,Beckie Hanbridge,bhanbridge7@nature.com,Beckie,Junior Executive
9,Up-sized non-volatile artificial intelligence,Nat Sobczak,nsobczak8@miibeian.gov.cn,Nat,Biostatistician I
10,Programmable grid-enabled access,Imogene Blowin,iblowin9@dailymotion.com,Imogene,Research Assistant IV
11,Configurable mobile contingency,Catlee Ellings,cellingsa@paginegialle.it,Catlee,Recruiting Manager
12,Cross-platform radical knowledge user,Esme Acomb,eacombb@addtoany.com,Esme,Tax Accountant
13,Re-engineered systematic neural-net,Mollie Swadling,mswadlingc@webeden.co.uk,Mollie,Social Worker
14,Optimized intermediate functionalities,Quintana Van Arsdale,qvand@sphinn.com,Quintana,Chief Design Engineer
15,Cross-group 3rd generation contingency,Ronald Mariyushkin,rmariyushkine@spiegel.de,Ronald,Budget/Accounting Analyst II
16,Cloned optimal migration,Binnie Persence,bpersencef@usgs.gov,Binnie,Director of Sales
17,User-centric 3rd generation application,Gene Flury,gfluryg@storify.com,Gene,Account Coordinator
18,Automated grid-enabled monitoring,Son Sharma,ssharmah@bizjournals.com,Son,Physical Therapy Assistant
19,Proactive systematic contingency,Trudey Weatherburn,tweatherburni@salon.com,Trudey,Web Developer I
20,Down-sized systematic parallelism,Lynde Bartell,lbartellj@bbc.co.uk,Lynde,Pharmacist
21,Realigned attitude-oriented infrastructure,Fowler Ivanshintsev,fivanshintsevk@stanford.edu,Fowler,Safety Technician IV
22,Persistent client-server synergy,Shaylynn Rollings,srollingsl@mlb.com,Shaylynn,VP Marketing
23,Multi-layered cohesive structure,Conchita Triplow,ctriplowm@blog.com,Conchita,VP Marketing
24,Ameliorated system-worthy benchmark,Timi Grishenkov,tgrishenkovn@surveymonkey.com,Timi,Electrical Engineer
25,Mandatory user-facing installation,Titus Patrono,tpatronoo@bloglines.com,Titus,Social Worker
26,Intuitive fault-tolerant middleware,Maiga Starton,mstartonp@icq.com,Maiga,Senior Quality Engineer
27,Front-line 24 hour open architecture,Arliene Budcock,abudcockq@msu.edu,Arliene,Quality Engineer
28,Programmable fresh-thinking portal,Livvie Bankes,lbankesr@army.mil,Livvie,Editor
29,Operative eco-centric emulation,Augustina Mussington,amussingtons@hatena.ne.jp,Augustina,Developer IV
30,Devolved zero defect local area network,Marion Galbreath,mgalbreatht@homestead.com,Marion,Safety Technician I
31,Balanced coherent implementation,Chrissie Humphrey,chumphreyu@techcrunch.com,Chrissie,Nurse Practicioner
32,Versatile zero tolerance toolset,Elsi Bloxham,ebloxhamv@a8.net,Elsi,Quality Engineer
33,User-centric 4th generation pricing structure,Rea Tournie,rtourniew@stanford.edu,Rea,Desktop Support Technician
34,Secured mobile matrix,Les Haggart,lhaggartx@go.com,Les,Mechanical Systems Engineer
35,Adaptive 4th generation application,Rodrick Avrasin,ravrasiny@google.ru,Rodrick,Account Representative I
36,Re-engineered non-volatile functionalities,Tremayne Boffey,tboffeyz@de.vu,Tremayne,Occupational Therapist
37,Decentralized analyzing matrices,Lexis Dodshon,ldodshon10@illinois.edu,Lexis,Developer IV
38,Devolved bifurcated workforce,Farr Beekman,fbeekman11@plala.or.jp,Farr,Pharmacist
39,Object-based actuating Graphical User Interface,Goddard Harrap,gharrap12@nasa.gov,Goddard,Administrative Assistant II
40,Fundamental system-worthy knowledge user,Hilario Deek,hdeek13@arstechnica.com,Hilario,Internal Auditor
41,Synergistic dedicated moratorium,Quinn Poltun,qpoltun14@un.org,Quinn,Mechanical Systems Engineer
42,Compatible responsive Graphical User Interface,Neely Ship,nship15@pagesperso-orange.fr,Neely,Administrative Officer
43,Phased maximized architecture,Tomaso Pavolini,tpavolini16@mashable.com,Tomaso,Financial Analyst
44,Visionary mission-critical collaboration,Isadore Eilhermann,ieilhermann17@uiuc.edu,Isadore,VP Marketing
45,Switchable tertiary encoding,Shandeigh Gulley,sgulley18@domainmarket.com,Shandeigh,Account Coordinator
46,Multi-channelled zero defect implementation,Val Dunnan,vdunnan19@vimeo.com,Val,Nurse Practicioner
47,Exclusive motivating approach,Loise Balham,lbalham1a@sourceforge.net,Loise,Staff Accountant IV
48,Implemented incremental product,Fawne Hallwell,fhallwell1b@deliciousdays.com,Fawne,Automation Specialist II
49,Enterprise-wide 5th generation migration,Ferdinande Davidson,fdavidson1c@altervista.org,Ferdinande,Chief Design Engineer
50,Function-based optimal leverage,Taffy Easen,teasen1d@auda.org.au,Taffy,Nuclear Power Engineer
